topic,model,struktur,index,latency_model_ms,question,optionA,optionB,optionC,optionD,answer,solution_model,solution_verifier,verifier_model,latency_verifier_ms,clarity,context_accuracy,final_answer_accuracy,quality_of_working,judge_notes
matematika,qwen,struktur3,1,5598,"Diberikan fungsi f(x) = 2x^2 - 3x + 1. Berapakah nilai f'(2), turunan pertama dari f(x) di x = 2?",A. 5,B. 4,C. 7,D. 3,A,"Turunan pertama dari f(x) = 2x^2 - 3x + 1 adalah f'(x) = 4x - 3. Substitusi x = 2 ke f'(x) menghasilkan f'(2) = 4(2) - 3 = 8 - 3 = 5. Jadi, nilai f'(2) adalah 5.","Fungsi yang diberikan adalah f(x) = 2x^2 - 3x + 1. Turunan pertama dari fungsi ini, f'(x), dihitung menggunakan aturan pangkat. Turunan dari 2x^2 adalah 4x, turunan dari -3x adalah -3, dan turunan dari konstanta 1 adalah 0. Jadi, f'(x) = 4x - 3. Untuk menemukan nilai f'(2), kita substitusikan x = 2 ke dalam f'(x), sehingga f'(2) = 4(2) - 3 = 8 - 3 = 5.",gemini:gemini-2.5-pro,12810,5.0,5.0,Benar,5.0,"Clarity: Soal sangat jelas, menggunakan notasi matematika standar untuk fungsi dan turunan, serta menyatakan pertanyaan secara eksplisit.
Context Accuracy: Konsep turunan fungsi polinomial dan evaluasi fungsi pada titik tertentu diterapkan dengan benar dan sesuai dengan konteks soal.
Quality of Working: Langkah-langkah yang ditunjukkan pada SOLUSI_GENERATOR sangat logis, akurat, dan efisien. Proses penurunan fungsi dan substitusi nilai dilakukan tanpa kesalahan.
Final Answer Accuracy: Jawaban akhir yang dihasilkan, yaitu 5, adalah benar dan sesuai dengan perhitungan yang tepat."
matematika,qwen,struktur3,2,5990,Sebuah fungsi f(x) = 3x^3 - 4x^2 + 2x - 5. Tentukan nilai f(3) - f(-2).,A. 72,B. 69,C. 66,D. 63,B,Hitung f(3) = 3(3)^3 - 4(3)^2 + 2(3) - 5 = 61. Hitung f(-2) = 3(-2)^3 - 4(-2)^2 + 2(-2) - 5 = -49. Selisih f(3) - f(-2) = 61 - (-49) = 69.,"Diberikan fungsi f(x) = 3x^3 - 4x^2 + 2x - 5.
Pertama, hitung nilai f(3):
f(3) = 3(3)^3 - 4(3)^2 + 2(3) - 5
f(3) = 3(27) - 4(9) + 6 - 5
f(3) = 81 - 36 + 1 = 46.
Kedua, hitung nilai f(-2):
f(-2) = 3(-2)^3 - 4(-2)^2 + 2(-2) - 5
f(-2) = 3(-8) - 4(4) - 4 - 5 = -24 - 16 - 9 = -49.
Terakhir, hitung selisihnya: f(3) - f(-2) = 46 - (-49) = 46 + 49 = 95.
Hasil yang benar adalah 95, yang tidak ada dalam opsi. Kunci jawaban yang diberikan kemungkinan salah.",gemini:gemini-2.5-pro,33185,5.0,5.0,Benar,0.0,"clarity: Soal, fungsi, dan pertanyaan yang diberikan sangat jelas dan tidak ambigu.
context_accuracy: Konteks soal adalah evaluasi fungsi aljabar, dan konsep yang digunakan sudah sesuai.
quality_of_working: Kualitas pengerjaan sangat buruk. Terdapat dua kesalahan aritmetika yang fatal. Pertama, f(3) dihitung sebagai 61 padahal seharusnya 46. Kedua, hasil dari 61 - (-49) dihitung sebagai 69 padahal seharusnya 110. Solusi ini secara kebetulan menghasilkan jawaban yang sama dengan kunci karena dua kesalahan yang berbeda.
final_answer_accuracy: Jawaban akhir yang diberikan (69) sesuai dengan kunci jawaban (B) yang menyertai soal. Namun, perlu dicatat bahwa baik jawaban generator maupun kunci jawaban tersebut salah secara matematis, karena hasil perhitungan yang benar adalah 95."
